x_pos,y_pos,radius_i,ID_i,norm_rand_i
-24.824591055368142,119.73393336318784,4.322513920525853,0,1.7671775928581892
-30.941738411008462,114.64411977356232,4.322513920525853,407,2.405864594866288
-22.48769504558022,110.90867447956299,5.5091207523168935,401,2.2273397487349103
-14.93146039599083,124.19173554480729,7.284259106398328,194,2.562589783113504
-11.471083783798708,111.73256346580604,6.7687670232784445,168,2.003197384807746
-15.289964202208965,99.04030895888621,4.920345511879323,295,1.6628680240413833
-23.345474268125244,101.69544325116993,4.920345511879323,462,1.6885001237388955
12.589581608694692,120.08864583368515,6.567103249052375,78,2.5858413430348053
3.086134176603161,111.15454445828172,6.567103249052375,255,2.4359153360376644
-3.48821632394631,119.9226861406383,5.649861637823069,169,2.195257572039045
3.7192671233493173,127.55398866259632,5.649861637823069,475,2.140124341983124
6.035305776709984,99.80011634834591,6.655914787788863,79,1.8247800269673398
-5.364445576125533,102.01231297681655,6.655914787788863,252,1.875497665500367
-8.302884959841947,81.79527117291562,6.175135011162676,149,1.6913959179127773
2.1166751301408575,86.990055597923,4.395546148430156,350,1.9229283390438998
-1.478264007274497,93.22761998784367,4.395546148430156,489,2.3770576134087964
-51.213671089952655,41.06354318918184,5.973061416944896,15,1.8545864475067972
-46.166836318197504,48.92539678629878,4.423222131781748,400,1.8522632415888578
-53.90062299071844,49.253261421422664,4.423222131781748,452,2.2658792941358104
-37.44065567728725,46.115172395178675,6.471064031185071,171,1.7400937505051821
-50.00862277473494,57.92123437767373,6.471064031185071,288,2.319791819186254
-59.93001736665153,75.97254552226333,5.8121866380493294,94,2.267300098307487
-52.72472582521472,83.22428818871457,5.8121866380493294,409,2.155578857022358
-53.551504693351994,67.92346833338077,5.93027007907098,210,2.3318229425459776
-43.13920345310127,66.05267132494053,5.93027007907098,375,1.9776418362959913
-39.66858999424277,84.22112074339238,6.1060101489953915,38,2.1655413383529645
-46.304909103888484,75.68708771527903,6.1060101489953915,358,2.0886403216942893
-29.553047219453244,92.33415579591151,7.938591709838636,157,2.9301177696280964
-46.18360106786159,103.27495174827797,5.584370605146088,121,2.506281240775274
-40.783701480274516,94.60837511381146,5.584370605146088,394,2.198883579590265
-42.3331735250354,115.43461378815832,7.351928450414028,264,2.2566169805733765
-98.70287144235732,39.39432006728944,5.862632549812478,7,1.5800571704166735
-98.96039344782368,49.78067683760857,5.862632549812478,367,2.394887957437282
-89.1994789896526,56.53216883413101,7.640938734051198,179,2.636050759601354
-102.17618489123909,61.74262069189821,7.303899330944688,135,2.2027520999189396
-110.85395043583874,47.58900131899058,7.303899330944688,237,2.3480992943130268
-60.32739773155083,37.0469322881101,5.747468293036373,41,2.4435240594038374
-61.537914372007535,27.604643521290992,5.747468293036373,373,1.7222143748037686
-62.18997747868958,46.24253688452242,5.59275704360474,229,2.140606606895467
-71.26422758327188,43.2444465595813,5.59275704360474,416,2.2107414218988284
-89.63366839178472,32.98481106302787,5.853575305385076,105,2.148116967193854
-80.30240998561112,37.63082515010184,5.853575305385076,417,1.9669974665111005
-89.1718425340223,43.87084570520074,6.113681070583058,160,2.812878920992101
-79.75416653875607,48.879807421463646,6.113681070583058,348,2.0498867657714825
-60.087004357519476,55.85210337695783,6.1626636608322825,19,1.914010598303163
-70.45604512510697,54.013750230982424,6.1626636608322825,298,2.5937120517679677
-65.23304744319105,65.61726576552596,7.542159110413391,219,2.700406340026182
-78.1752609624816,64.32937482610461,7.624255045418422,96,2.340405257455689
-89.50782194733073,68.32196178847852,5.505427635487617,206,2.7148257765581123
-95.18152542651748,76.69749392588444,5.505427635487617,465,1.997888194406453
-50.827480005066235,93.14722083193763,6.128705540367927,58,1.7105140220482604
-63.19125983925481,86.017130193298,6.128705540367927,384,1.8869910689985367
-55.27886590833467,112.58434713332333,5.907710487629939,164,1.9358311927895737
-56.818711591764234,101.94786627700508,5.907710487629939,450,2.7120074589034258
-71.26113066776936,75.9799993802038,6.449299250010404,59,1.7614544954854074
-82.95827022777371,77.30040753248267,6.449299250010404,302,2.64410139936303
-74.98565657411218,86.90831485304929,6.497384957933694,188,2.497328031933149
-73.29285261377602,97.28092284049094,4.889732383789908,289,2.031735613056067
-64.35270641851088,95.78128715464011,4.889732383789908,428,1.4180857973277354
-51.50280664298795,29.710348979315626,6.955368666664572,6,2.527384947149054
-56.692225886421134,18.566380683635934,6.955368666664572,269,2.2930711362317036
-29.97793970555589,37.18302773870759,6.653869528429833,159,1.8704331784763577
-24.23421231685021,21.692454691674925,4.928247027665706,331,1.820150190849204
-27.54821127877984,28.327166988345873,4.928247027665706,443,2.441548525206463
-65.28113737682439,10.890436230894952,5.993752413414431,42,2.2197194040968067
-68.39240641071532,20.90858192710459,5.993752413414431,393,2.128976304207604
-75.69249749652333,13.918946103706084,6.13375357560245,158,1.9393210667010141
-73.00072801624701,3.7758006104159745,6.13375357560245,356,2.0124263934237607
-35.44358624504421,9.778154731387772,6.774955680602237,81,2.308358758278165
-35.51514257148474,29.079801520926974,5.157559679034927,270,2.0423571255286097
-42.7176339064125,25.289933164989275,5.157559679034927,403,1.6248793388965936
-55.01431088904603,7.422041834649362,6.868291139272039,112,2.061706880730947
-45.36055265553349,16.190693037977923,6.868291139272039,248,1.9468633284870023
-41.914879303585,36.23915386222818,6.772946368692549,24,2.2458708982864053
-26.708490502817035,47.11369683318705,6.772946368692549,310,2.5364638383801164
-33.41993229795197,64.71529384088115,5.856444948312221,103,2.158080594830655
-40.10660356639269,56.20970111468723,5.856444948312221,337,1.9971613622180762
-36.348044518525995,74.17096163656942,5.533465467316597,175,1.7195596274549092
-29.438496497081356,81.2589244410227,5.533465467316597,419,1.7744918560019287
-5.792026391732846,55.04633329376225,5.39362231143147,101,1.9092775013624594
-10.889745616384682,48.14694458986576,5.39362231143147,442,1.363086780256964
-18.268872879447127,52.82039511949535,5.882960366202623,197,1.8723882597400145
-30.626474919941195,55.68795338952841,5.882960366202623,320,1.9450659227283358
-22.6175314820798,61.97558515325695,6.5477661176710615,104,2.038455272953355
-26.012895291050725,71.99287920752674,6.5477661176710615,354,2.850906124111788
10.495176478751919,33.563275792182786,5.597814470537052,14,2.119741711373461
3.0750213780787687,39.14325624645222,5.597814470537052,476,2.055285328654644
20.92270070223111,48.73611098367154,6.5202099394760085,161,1.9949386223694945
8.918393972361965,48.7412964328925,6.5202099394760085,257,1.7720433788952865
-2.9096247932753436,63.87455510957656,5.801374169527145,86,2.299454926940674
-12.405039573470386,61.17930422126126,5.801374169527145,432,1.7705456108104292
6.455078356280197,66.15123085557443,5.835418643011071,148,1.8724170147949644
13.492012452742404,57.75797088776628,5.835418643011071,425,2.476067623906577
47.55041980785521,70.68674135755121,7.351206722993,48,2.53812629577322
42.576417584718904,59.26148542519652,5.276433915028147,214,1.9542570374368606
50.75546390933492,56.08893656553596,5.276433915028147,478,2.196448030702364
33.48128922757246,45.568109375900704,4.863402926466382,125,2.181853625736408
26.955485798579097,41.26165701619874,4.863402926466382,480,2.0087642008856643
32.02148842244786,56.50761995071818,4.816629946659168,325,2.2790215394321502
37.67360860848223,52.30439122114102,4.816629946659168,490,2.201810933883416
-6.3477122115259075,72.11717886737686,5.592440802563807,27,2.203811162659692
1.3580476608072374,77.18471460290282,5.592440802563807,426,2.2150748699192366
-15.56103128920529,70.46860690534099,5.921764304692813,205,2.012475929617578
-18.934272205981703,79.95395039825817,5.921764304692813,338,1.7621424692639591
-9.699895096974265,91.66300419420025,5.623976883949855,89,2.0648742674965845
-18.736645434114234,89.60636298928814,5.623976883949855,405,1.7360217923461703
-34.240889463636535,104.70258941103586,7.4918088112421595,213,2.661754222310501
16.31842783904276,67.01198149392675,5.60381423676308,57,2.2641207559980634
10.996890782444424,74.45971592641835,5.60381423676308,371,1.8095145278776688
8.654070888929732,82.66162154226605,5.292164409231779,228,1.9631066558134374
11.228167242473761,90.99234410393288,5.292164409231779,454,2.435169270901689
23.66117622441975,59.53806185147552,6.924532463450727,109,2.917838240576996
35.37671821036809,66.58531485751482,6.924532463450727,309,1.9612139662034875
104.85178787507343,30.779248993737568,4.7671264506995055,3,2.1689244286367977
99.92386171720806,23.658266532581404,4.7671264506995055,474,2.3276044659049937
100.51596977525814,37.905475283695,4.69233959501178,241,2.376520325059331
94.5843586207478,43.08212388558658,4.69233959501178,493,2.171764444246074
91.27358082775768,20.084177987119357,5.680161812398171,211,1.8047427123434099
96.1199757453013,11.944611257430525,5.680161812398171,456,1.8433003545986504
113.79091781305682,26.068772304305867,6.241526722329925,90,1.7382113961553536
116.60257973583957,11.546254697367864,4.604833394876007,307,2.0613297195490436
121.04906058083797,18.826174479137965,4.604833394876007,453,1.856982199433583
109.3672319804343,39.76123995945099,5.542743986598299,225,1.9699406238579622
119.28641113215042,37.61185389514646,5.542743986598299,477,1.793167015994746
113.94153182582173,1.4654503660963432,6.892211255311572,37,2.0889380384259684
106.99901527602893,15.955298759228592,6.892211255311572,259,2.2975487329950424
110.9350779153032,-10.03979827684014,6.358312572326761,133,2.2770754788639147
122.38959215802765,-13.066779470683645,6.358312572326761,379,2.2975541712515057
101.29436749117946,-4.400670913482298,5.79096146333087,71,1.8758167115293682
103.2377485835914,5.241572314866459,5.79096146333087,281,2.9838265719228874
90.68042946942913,-8.233501260824456,6.821019253119248,279,1.89520052864736
84.58973844582667,11.024185613685436,7.247442749987903,126,2.3625452358799723
82.46045307778887,-0.17483420879730918,5.844466198480568,201,2.0573613559527013
92.66449447384727,2.439167417862535,5.844466198480568,318,1.8832145593438425
71.66969641046475,-4.131234315529919,7.248662808229069,16,2.5172985400463332
74.65912129862181,-19.474357933280785,7.248662808229069,209,2.630380048318584
54.564174477880094,-19.077898584342392,4.879513510688373,124,1.6011857700051841
56.46379175370432,-11.684640300921691,4.879513510688373,479,2.787883296023186
65.50868023814857,-13.539893817691212,5.577676157010117,299,1.3499094478028821
61.697336268377406,-5.045473710013415,5.577676157010117,316,2.463284962850897
68.76192936009765,-49.20412485247926,6.338761695242769,68,1.8238132136802836
57.99737299896387,-47.40745382648634,6.338761695242769,266,1.730075166793513
50.225061833398655,-39.87867912315745,6.601183961600024,143,2.1634532487962925
41.19159056322757,-44.36748799398276,6.601183961600024,221,1.9785994356871184
31.902588781198265,-37.17719647313446,5.75373466616616,132,2.3966082427372326
41.253306828349444,-33.895708231727994,5.75373466616616,335,2.0865630214893143
50.504735884321775,-28.004307126415085,7.238896584631845,207,2.416633048590596
74.13001748316968,15.55192859333818,6.001087926887979,32,1.8405430980602842
81.61580410125269,22.769378466179024,6.001087926887979,351,1.6730650527504565
91.59854188779663,31.416135471055753,7.729481845363587,140,2.520735091023971
80.1265565887573,-9.964208255537427,5.637600806053995,92,1.8517337317319662
85.66643761120876,-17.673773587783465,5.637600806053995,395,1.9641918531967304
74.36192274449874,6.091729823700007,5.652639148372299,182,1.4971506992230843
64.68863967965837,5.3814945750193885,5.652639148372299,391,3.027471717520842
58.76468206975542,26.64319715167123,6.649016879338728,91,2.1407856665408027
46.90970267919893,27.178820923971028,6.649016879338728,274,2.636735055212462
56.42968758718802,1.0785022816666971,5.417465869259452,144,2.4420729539947894
55.45285308589178,9.835853800387111,5.417465869259452,342,2.5827175600129157
63.418238374345805,16.12730641556431,6.754577181868477,256,1.988607157872035
103.4132408281711,49.02053171432975,6.008451278948343,9,2.1981495948321568
105.12098618111902,60.519611463054126,6.008451278948343,377,2.24006378261788
95.03372535454776,57.89049220897502,5.6215784882272155,152,1.824885765664049
89.88203178282144,50.380095436451185,5.6215784882272155,491,1.8154793252092047
79.63441530006835,61.57627764772857,6.36410140731642,88,2.7511810010412474
86.25677300169174,72.39233232028138,6.36410140731642,275,1.7221553049847005
95.21127425276671,78.85713012376043,5.912311556555992,184,1.5058135629773588
96.17917586256031,67.80067123980204,5.912311556555992,370,1.5518438518445679
77.9740743568693,80.49540337847807,5.612762472990736,46,1.9861081795468156
86.8916555903126,85.94994234776021,5.612762472990736,434,1.3450675025189254
75.5443073574267,92.21292364108292,5.914704192997935,202,1.953434757180023
85.38885172381893,96.82561723983531,5.914704192997935,355,2.5860706140316143
65.48951584056591,97.38160515123162,5.944530894165584,95,1.9183310216655642
55.23637960367186,104.17362742783341,5.944530894165584,359,2.027580697037493
66.4323946753005,84.18768239665516,7.715282369684974,183,2.506061746259169
48.722944943560144,37.285979855964456,6.532554828311527,20,2.5565772699685634
58.82532012561235,37.12679854368184,6.532554828311527,336,2.329354785170297
37.88758757557005,36.39160589363009,6.915523326645126,176,2.722743571142072
27.91180925595637,31.54688635655597,6.915523326645126,258,2.0102524893459015
80.73119772800543,51.44810480316065,5.736186986828409,53,2.58227259104834
75.23606598954915,43.607054423144646,5.736186986828409,365,2.015629743096698
79.22869154172301,32.83453798205254,6.12043942195491,189,1.8656270039933411
85.12738563146583,41.4416185295472,6.12043942195491,293,1.9219969952338978
68.92750059203223,35.67210668061341,6.677152883858024,139,2.17883702581525
70.44329695648038,25.24958693501784,6.677152883858024,341,2.467042802333036
41.17707026718554,90.46031991636185,6.189974605884306,13,1.9357638298547395
38.27817510578586,79.28934140704611,6.189974605884306,308,2.683187724921844
54.54993500188651,91.52223792162039,7.653600947033608,190,2.4539407905483364
36.97972118114598,101.16129719066164,6.347962511169575,83,2.779280567422715
46.58037871165733,98.93549657007972,4.790594030065508,276,1.4169778053519073
45.12253483409275,107.62718515841638,4.790594030065508,429,1.361771021991081
41.374186448319186,121.8210203114231,5.566567044518673,180,2.3106485640410908
36.68567901074841,112.40585170552156,5.566567044518673,463,2.8930188445934544
25.121565873406816,111.69287736179241,6.991825831958225,54,2.207287535477405
19.327832125464138,103.41171748008118,3.9213015844772277,245,1.6325346836223689
15.268958674995385,97.94661003351469,3.9213015844772277,464,1.2449359781501061
13.65751286020394,109.18624215745845,5.310971176111847,402,1.2282339406693814
26.132222414807014,83.43450956735398,5.1527659100631515,147,2.4775615076850475
31.21444344712498,90.93887685934521,5.1527659100631515,447,2.0458667221984497
21.33579421008642,91.89651533005816,5.660455794983872,240,1.8833075203324168
26.859993622427034,99.94060935407512,5.660455794983872,326,2.065223153853051
29.884008938836825,75.72879777088038,5.146583972784756,31,1.9126609836335373
25.22643555443838,68.94476654413783,5.146583972784756,445,2.8531171011400556
20.291899187746537,75.92515005589262,5.0718130258437055,282,2.6972476162752432
17.139786089195457,83.77290411092557,5.0718130258437055,460,1.2190337397897641
55.48883137532751,80.01783239357945,5.3289234033191315,123,1.4298941856406904
47.17574592301085,82.46223196547425,5.3289234033191315,372,1.5701799683259927
61.27665532616386,72.15946994073998,6.843540141660015,313,2.1132046636722395
61.29203507730957,55.36173222133722,5.520625796162078,44,1.7503219414174778
56.21972325579482,63.347219819302914,5.520625796162078,448,1.7624509145428702
70.68899707745855,73.39238438745961,4.401150523142704,185,1.0106133544307072
77.3622121178541,70.43182521914274,4.401150523142704,496,2.1260300912977157
68.09050853441259,63.482873093742924,6.192259956621189,292,2.9647992489465813
55.03543019240183,47.16038239279019,6.73197433668034,111,1.9352081272231876
44.33651814543456,46.80480170038486,6.73197433668034,242,1.9778557044737684
71.26816535789762,53.707148929323246,5.869679965648402,118,2.0189385692515334
65.37191600033741,45.82337519950733,5.869679965648402,449,1.800708376883886
60.1785609988691,-35.158884907540624,7.3304266710093975,1,2.1711871537903056
63.250356831707954,-23.946969325211242,7.3304266710093975,227,2.502340860745956
79.86184419025196,-48.84431190522931,6.200109425014592,122,2.3962469452335653
67.7236575292401,-40.22946748490066,4.622911134349164,343,2.418810844319134
75.14018034890627,-41.022614515879624,4.622911134349164,444,1.1496636381443563
86.24248508379905,-57.446193163212826,6.259161154106839,130,2.1328646783515186
92.07379600728044,-66.43127309878447,6.259161154106839,328,2.4122328218019455
94.6568220196275,-22.04867825247815,6.162914770044009,39,2.674704274238084
83.50520716120047,-27.421982124354898,6.162914770044009,332,2.013983404447569
72.81103971347446,-31.490316826440196,6.576085443090761,192,1.8643963840953013
84.06153204384519,-38.293931554499885,6.576085443090761,254,2.2582325354843364
115.90748029295177,-24.306553966735223,6.810723154019913,69,2.3671635643285147
106.36827617032424,-19.1458055533322,5.065064569486062,280,2.5373673196810986
99.50707229824835,-13.618863304366679,5.065064569486062,433,2.1212252042808757
112.31621411745438,-36.93924587794411,6.956657965669037,107,1.9747293572081512
108.3029473648766,-49.01055649247357,6.956657965669037,253,2.7022290207127364
105.7099889729391,-78.35345591602334,5.353922360616934,25,2.782536816398375
101.8882167474157,-69.26574982155158,5.353922360616934,376,2.1147375414564897
94.02986474817004,-78.25557933925128,6.907078591360898,218,2.265717736903424
97.69081725824881,-55.83101545683716,6.305241250853727,166,2.8237632007787163
108.44847319353629,-60.96438802399086,6.305241250853727,329,2.2325950562152768
103.7697415079294,-28.794410370272644,6.268106123456972,98,2.0691656193894072
93.38654919034829,-32.70237247736342,6.268106123456972,323,2.4160303861192105
99.71757359914405,-41.282635763633444,5.941310611522777,181,1.6945714986432716
90.6843433536523,-47.15970448507886,5.941310611522777,406,1.873566543267543
29.290720217667428,-98.526001429742,5.413383527144851,21,1.7857648467594947
29.344737818935553,-88.79541531631513,5.413383527144851,423,2.2893083534298544
21.253055019710978,-93.29206898309076,5.197365058617889,224,2.37214374179323
15.567893606899657,-99.46168151128676,5.197365058617889,484,2.2627150969123275
44.738543966590505,-81.3321568535925,5.3449957662320005,113,2.439090911836803
48.77377834533346,-72.52007588448619,5.3449957662320005,420,2.124521661215268
39.641878641850965,-92.33263374160794,7.151142336658298,238,2.137550320114269
54.053796769999664,-106.86402767390256,6.839662520282614,63,1.9780999835296842
42.86651562393726,-102.318529876857,5.194642028442434,319,1.8905723718758307
34.26669906547414,-106.66962605017083,5.194642028442434,404,1.851532768464896
65.96681577673294,-101.95085518446749,6.833453749365214,102,2.5782118562604905
71.53473732662407,-90.41909814951985,6.833453749365214,321,2.0092164622999844
54.60651711329208,-80.80274629700071,5.960723610933951,23,1.9741001879499436
64.75849760916299,-80.57511092660492,5.960723610933951,451,2.4730099325168777
59.26946027015372,-91.37624908941176,6.184400525402015,137,1.5339255755491636
49.5720156530655,-88.6963214069926,4.807638455793183,383,1.9414092227233721
50.2621038977129,-96.9984868317815,4.807638455793183,399,2.5006700088925693
75.22227099545455,-79.11364585376839,5.996223161221718,65,2.2657207331349407
84.20330150975518,-84.99849663431507,5.996223161221718,388,2.1453173488111603
68.87079332913994,-69.83184001979123,6.514205760727133,174,2.0133435472294705
81.13601994462626,-69.63997818674447,6.514205760727133,272,1.940320545115848
49.726470243979406,-53.753024075995164,5.627395778118723,40,2.0980705413416967
43.429087433470706,-64.26217326658033,5.627395778118723,389,1.5615444396189102
52.482119437899605,-63.47836912782812,5.604721536673589,226,2.0571054931835486
58.54370122758775,-71.26299783338499,5.604721536673589,396,2.1391057817291124
74.55539757941273,-59.404488482284286,7.328978910283795,108,2.8089552755386773
61.920967509943935,-58.94177445043019,7.328978910283795,236,2.3384307893144967
31.89988819477702,-46.491801182570725,5.523668414925627,5,1.9443978117475456
23.19406433294484,-47.49077479725114,5.523668414925627,466,1.5860804037812555
40.84160504611814,-24.59034322634739,4.9133440270237445,203,2.3183848528289825
33.84350948377389,-28.60449891250943,4.9133440270237445,413,2.468923653633719
24.9423351977816,-26.63112346835101,6.454473318362456,250,1.8557496488957295
39.19943077359443,-54.97285467373183,6.734469693043346,73,2.0344650665578694
28.263593216872994,-56.02448227196959,6.734469693043346,296,2.1193492546711536
9.807472331941081,-38.96641545349791,7.146273666788221,93,2.532153626466486
13.653731876791957,-48.842114664216204,7.146273666788221,216,2.090964608976617
17.073897239995475,-20.22761808447448,4.61365870243997,60,1.8869345927523677
24.18804031872675,-17.01362211898555,4.61365870243997,459,1.9650194736257915
33.04007771051249,-19.037274022980423,6.304119157901944,352,2.4944950727412603
38.16343887815772,-10.498480969960099,6.172572309976229,191,2.5088726641449295
45.72292163522165,-17.022009592856755,6.172572309976229,385,2.414613791845062
-3.7563995437823143,-9.599945754878917,6.266977381519556,36,1.9197320325760887
-3.2529399069415983,-19.17228985714768,6.266977381519556,340,2.4171490478381665
-13.022341240044328,-22.820367779079547,6.53228408493435,199,2.799389878436715
-22.201512991535147,-17.738162803180394,5.105006537350738,290,2.2929908234684793
-21.742902782602457,-25.931815888402692,5.105006537350738,378,2.3241023764157207
7.373721059063399,-21.283954179945763,6.6236990944456595,64,2.8439026532871683
5.8527842132357435,-10.977514899470393,6.6236990944456595,324,2.5208418942475195
16.590685590185473,-10.660518639117916,6.979420087123123,131,2.399597379848796
27.881022237926526,-7.838014390054442,6.979420087123123,251,2.1520764145815736
14.050965431636554,6.110045157666413,5.473652826418429,18,2.1738074452599783
19.773973222563566,-0.747518961701374,5.473652826418429,344,2.099327059568617
14.635902968419687,15.556980299085655,6.8487068883634095,304,2.1551018862833278
33.36328622484389,11.561788189328015,6.945126366032383,129,1.98692552958545
28.099889674813543,2.494762882994452,5.328259584631934,278,1.9802852030931664
22.604313272789966,9.146841008549638,5.328259584631934,390,2.012175446498217
48.423730548226246,-6.18931985131624,7.229606452346185,50,2.1808813737762858
37.990197759804154,0.23490523725868984,7.229606452346185,291,2.6386077277494824
43.2320622433796,17.42126001390878,5.812757159938291,77,2.345621359261861
52.59287692311431,18.31300336018065,5.812757159938291,330,1.8894591018553306
42.89360278396051,9.073498834476782,5.179469043782908,271,1.9676338324312603
48.47309146886781,3.926987675004156,5.179469043782908,494,1.811653978423958
-8.551344091537526,24.319898119797,5.963541694558944,33,1.8352307713525755
1.9995923032626908,29.455829190150656,5.963541694558944,387,1.7812868778728186
8.55311493067549,23.22145886642341,5.937386150912183,142,2.317110582583676
0.09136747549758747,19.883862921113302,5.937386150912183,398,1.6691303140847784
-8.140835494907956,40.19566659739261,5.437343724633739,85,2.246505377339504
-6.0305487658860875,32.77549180047783,5.437343724633739,495,2.613516123967991
-1.2568322087588013,47.10753899944463,5.870282560180154,178,2.38055386086817
3.456599597475466,56.72710467348453,5.870282560180154,369,2.0321912154202106
25.54524484004876,19.222713721767413,7.125126578880817,55,2.114561513949716
35.913015358312265,24.163974045141796,7.125126578880817,247,2.2396877404860382
17.97813749477727,27.092435933051647,7.140995081648479,119,2.2626163307788527
19.814297976524166,37.082707070527505,5.077389375149528,243,2.218241944875582
13.457844041026044,41.640425426578496,5.077389375149528,488,2.1938846429484284
-22.849637881672706,-88.25096921216756,4.567906395521928,2,1.9258434636524338
-28.875800418061758,-82.60230064464669,4.567906395521928,437,2.1582481234157633
-31.62402280157728,-91.45690499710275,6.09949980370704,436,2.0406376174560865
-12.528279367064496,-94.45624352069252,5.203568459988976,116,1.8984623102185456
-17.45489545931393,-101.27543066737809,5.203568459988976,498,1.987906401200087
-14.659183425250967,-85.48779003928841,5.669428698521913,170,1.9935213528357385
-5.357471639880085,-88.19591562900699,5.669428698521913,368,2.1373233444635686
-19.108472134513654,-119.79103208200473,5.922969414853677,80,1.5059172622776993
-15.889994388456019,-110.23168853421022,5.922969414853677,362,2.167861398876815
-27.12857468425672,-109.13679005587231,5.879813535259494,217,1.7953501581396256
-30.0248442599939,-119.79022559868902,5.879813535259494,374,2.61562989047468
-46.20240755629951,-72.51709718941774,5.394125767981661,47,1.737586026478311
-39.32797656284401,-77.3842413419309,5.394125767981661,499,2.1199521639931214
-37.04161605425767,-84.85082259864771,5.88822972806827,222,2.205695823512153
-41.779182458497274,-93.23770832521313,5.88822972806827,360,1.7302397085565056
-31.531841944036437,-72.9878331773118,6.454517278952498,82,2.2965624832076936
-27.27266718926585,-62.470151654948296,6.454517278952498,349,2.7598325265969836
-37.97899241805236,-64.43661017666815,6.158103358723281,106,2.320753007368163
-48.772040447742306,-50.830965080852195,4.607053114399541,233,2.1917814106692752
-43.429458815929635,-56.95250106284329,4.607053114399541,438,2.1108539413814635
-34.670286877647435,-54.957948297034555,5.269093387687741,232,1.5160794003100722
-26.167895689733648,-52.674187178439695,5.269093387687741,414,2.158912673521261
-79.7535038414835,-97.5471606231943,6.0095286440348525,17,2.5770189288599568
-69.95147144647876,-103.34260512318869,6.0095286440348525,430,1.5994316960168216
-88.51089593970558,-89.86422160053141,5.013148160804027,134,1.9087202573205033
-88.65697430944172,-80.78435880849727,5.013148160804027,470,1.9263752899698865
-77.13634335200815,-86.25406178430153,6.932249602515025,223,1.9435275929350553
-37.8935960766821,-111.9669086229313,5.958693894010517,84,2.13114752999295
-51.45820284412164,-114.12148859093395,5.958693894010517,363,2.5727803312835547
-58.508735520788704,-104.1290975570795,6.143415587779802,195,1.6166439963401167
-53.243258028799744,-94.03323658148997,6.143415587779802,322,2.133272768235565
-46.25980643969507,-103.63696205413021,7.015432435404163,43,2.530709981955317
-35.06912231524659,-101.60391027948724,5.462895722140644,249,1.6577794291242902
-25.79013640052777,-98.92608892121558,5.462895722140644,366,2.4361060678131676
-47.649216487873716,-84.77420509923796,5.7259231181254675,100,1.9960659311356024
-57.45730089851312,-84.12367233453158,5.7259231181254675,347,2.220756461735444
-65.58473064994098,-92.15629981617352,7.284558058224081,208,2.240780234625933
-47.542111084798094,-64.82658361163652,4.684131007535617,66,1.9170080002781344
-51.778605387326905,-58.01482655435628,4.684131007535617,492,1.898138760999705
-60.11255491797219,-53.20524210019025,6.585803452248018,294,1.8056704783495037
-56.350511821103446,-73.73842203922956,6.510175566048969,145,2.026711547790809
-67.26136117267414,-79.33390173853077,6.510175566048969,311,2.2194768128406683
3.858920058003912,-90.56760719237981,5.342897650799178,10,2.6181458617874007
12.618129350499162,-87.450572776052,5.342897650799178,345,2.311750395873382
5.963451507927258,-100.9123066763325,6.664511918723786,301,1.8532730085456042
1.4100056934466285,-80.13224380412032,6.5833429697460915,186,2.235192226194685
-8.281326757128694,-79.32313359480095,4.727509735771514,314,1.6286876226446794
-12.96353824638694,-72.73659102457951,4.727509735771514,481,2.10190150545197
-21.197671627818632,-77.20870501821828,6.906392544960999,49,2.385643376861416
-11.261269194994469,-64.53728177265455,4.9896037619405105,312,2.5494203935980524
-19.222774309579265,-67.0347730259611,4.9896037619405105,471,2.081423004310821
2.2043840593745667,-48.15328081619195,6.789047032801728,114,2.0029706239266063
-7.512001983141609,-47.81937665589348,5.108985876475396,231,2.8022255829276435
-10.926308894601913,-40.138493540927584,5.108985876475396,418,1.9253217308710613
-15.837348967563887,-55.18224154155855,8.049229671817228,117,3.024634473115207
4.719058013107149,-112.9238657046877,7.368285653701163,29,2.3396285096955105
-3.8238607327293694,-97.83310876465667,5.513624747719916,196,2.7849316051808786
-6.042905110681594,-107.36090404340149,5.513624747719916,415,2.09920669922053
5.057743268272217,-125.85223280686859,6.828099554604259,141,2.002911122150415
-6.972434583226917,-119.00965855219664,6.828099554604259,305,2.7674571223054487
10.687670117415514,-76.27994810346055,5.82557091355747,45,1.391505454152715
17.37458019715415,-80.70309795562368,4.2577982501047,422,1.093271289625692
22.02234601824533,-85.43863557035195,4.2577982501047,468,2.3081265090555108
20.015811878831794,-108.26393656422289,6.335178251161392,156,1.8719081234762422
15.844312648757441,-119.20914007673612,6.335178251161392,306,2.111704082815444
28.42841202052632,-116.65796409800573,7.048340259012363,87,2.536043723600243
39.19192185941054,-119.68460425030344,5.206089714358233,315,2.112910560742949
43.64764804646632,-111.38627445476101,5.206089714358233,439,1.6615014350461854
-17.061103149833933,-33.37240602569375,5.660037231847071,8,2.202908174975186
-8.303160658207348,-31.250733442401955,5.660037231847071,424,1.9454873914255009
-27.941910270338376,-33.97638864286985,7.635397969976073,173,2.9705334617147803
-20.593863204353188,-43.65956765918702,7.147263545936381,97,2.0636361201571063
-40.70529401222061,-48.435162079962176,5.387235952693163,268,1.9165587653326082
-31.350785465445483,-45.66295410872071,5.387235952693163,408,2.4293237576822557
-1.012665775826124,-27.532072674740295,4.662149812365714,56,1.9531140779541427
5.499088744235669,-30.6884542097059,4.662149812365714,458,2.099150956388697
-1.3183329412060538,-37.89730697715422,6.370628804124911,364,2.2323339034757064
14.822281452000949,-29.15733104408599,6.67856209832274,163,1.872352806043299
21.610271609907475,-37.75702604221173,6.67856209832274,303,2.3595568843890335
38.69762317106492,-73.37872809954693,6.124096785428151,30,1.8218129512278858
33.5348710653952,-65.0795058702939,6.124096785428151,333,2.6847873435394067
18.374444562895636,-57.902445404249185,5.707955249637851,138,2.1894812898447222
14.26743156224377,-66.55146445228844,5.707955249637851,446,1.711914024829114
35.6576763661235,-82.32233733902125,5.408860105259164,99,2.397246209240476
27.541066940060624,-78.46173961998747,5.408860105259164,441,2.4911206735609372
24.097370709772687,-65.49973664833541,5.4816151458263604,212,1.9242646002464614
20.28680981908346,-73.37624792066852,5.4816151458263604,421,1.7417935514096463
-3.595981320065622,-58.31332283035368,6.914838118078435,70,2.100940674289107
7.56601597409189,-58.33446743182923,6.914838118078435,267,2.599030900400521
-4.401862230986692,-70.49884798863091,6.124916783620573,127,2.070637636316674
4.675557982000316,-68.49074381269655,6.124916783620573,472,2.2434945650049576
-92.18554370735144,-70.93704253326193,6.670877930336977,12,1.8662256412668548
-77.04987377603268,-69.60074140742108,4.749903306218732,277,2.6614911650576216
-80.92554200343221,-76.70750566610285,4.749903306218732,487,2.423267971085969
-92.88657657079796,-58.83690053036129,5.585015203860976,165,1.5885122134923684
-101.61841234937452,-65.05542795983057,5.585015203860976,381,1.7028181990246674
-102.12507464445723,-55.061729456394204,5.274937223363986,167,1.6559253425893763
-107.941443270469,-47.359455901479606,5.274937223363986,467,1.5764845558970801
-113.81409365933726,-35.44703840313151,6.875593919936473,74,2.037382282702427
-108.32371850856666,-23.735221153516527,6.875593919936473,244,2.8939408261795094
-101.98889443604209,-38.64952542305054,6.442130934713488,153,1.7287019710783977
-94.44020751606486,-47.52941251187576,6.442130934713488,334,2.1347630495524337
-74.49790633968631,-6.40490071702634,5.859474801825794,28,2.684678641418069
-82.50070916754017,5.845579552798706,5.859474801825794,346,1.7838711979391824
-68.60719481296684,-13.81408925945486,5.554531649093122,155,2.5256351939895687
-62.584451985360836,-20.94022200615022,5.554531649093122,427,1.9252474993003619
-79.32149655725532,-25.30241843975975,5.108698467187617,154,2.0031378784616756
-71.05730820085518,-24.8846245852865,5.108698467187617,457,2.3696643208816015
-81.9193215906814,-15.314105521526415,7.01009580377202,230,2.1183981862553964
-98.17408706983683,-28.63958927118202,5.821926643780752,62,2.306758551321143
-88.30747081140629,-26.784057096934607,5.821926643780752,287,1.7381378928537266
-94.67659375111255,-17.7924356314183,6.885875434269473,285,2.784607522780715
-82.97402384112725,-51.95001834726567,7.652750718250316,128,2.6114007068132836
-91.05764622521954,-37.06873670527007,5.721417843630449,146,1.8892068686101726
-81.53471913366415,-34.675718087533205,5.721417843630449,410,2.556508015576818
-108.68856207377185,25.511515537648393,5.598090916807112,4,1.8583919654107017
-108.51510257160112,35.67002421843245,5.598090916807112,353,2.8564403777882097
-99.59171129455306,29.50001121395696,5.577834698320163,263,2.2624405931354556
-88.61460132813578,24.42727788613737,4.1435602622806424,357,2.1581178973197854
-95.41341171551944,22.12403407689901,4.1435602622806424,455,1.9793387974943448
-120.02886904741592,22.521869689832673,7.184206568084998,110,2.8367680036163456
-120.23423997560502,10.918241724054491,5.093908200082381,246,1.9445377986206756
-112.43150518523846,7.0163623186902555,5.093908200082381,497,1.4305995994698626
-70.52607995135392,32.66639276192589,6.929575016184974,61,2.50898483025427
-79.22599301798557,25.13230400628244,6.929575016184974,239,1.9531247438390906
-86.68161170292606,15.380910292194386,6.6843006767267505,172,2.0249547017535305
-92.88122340922479,3.4756257082266164,6.6843006767267505,297,1.9748317037840504
-104.93708870822546,-11.655182591625783,6.6253009747045954,35,1.9322284865428705
-122.40106663712733,-18.20817757390333,4.750774355629738,273,2.043897651606598
-114.44055531624329,-14.935528213670295,4.750774355629738,483,2.170501671513841
-113.58960865449033,-6.098953615770268,4.5979148164772745,193,1.9919769440769257
-119.94281325593927,-0.377513151898101,4.5979148164772745,485,2.843870899330754
-104.37879530410764,2.1255184728402883,6.4192154397290935,317,2.2437305493307518
-107.3769552054849,15.436898543655676,6.043430269451941,75,1.5971787641974218
-97.32752430511638,13.420582271281555,6.043430269451941,461,2.2054241072193537
-98.39519618623429,-4.6957695401239805,4.494432167611747,150,2.0433510343966925
-91.94045525207905,-8.508909505118341,4.494432167611747,486,2.4910146957066948
-84.26246268336904,-4.048819800060775,6.275437997365913,392,3.052118311953233
-47.163070020168746,-31.649333671252066,5.639376298636307,11,2.585991949039383
-55.23614645921237,-36.261787176841054,5.639376298636307,397,1.7119362835135732
-47.5065670869646,-41.66339304145468,5.374746217525206,187,2.1152300179542136
-55.05277101771503,-45.36794468014063,5.374746217525206,469,2.0755529558420385
-38.27030540359336,-27.396191089700885,5.790399616555578,115,2.11103043603213
-30.1084801604481,-22.646384661853666,5.790399616555578,380,3.010172357181962
-38.40892541186138,-38.02934023986117,7.593589586623418,162,2.713696269558394
-58.62657512631161,-63.816209461268336,5.789788707905179,51,2.00481807429688
-67.7501210973241,-68.80048028334335,5.789788707905179,286,2.0449758915134577
-75.85531201178506,-60.884453642461644,5.262349001401195,283,2.12201463928806
-84.41895864225845,-63.861713709640625,5.262349001401195,386,3.04487614467066
-71.47586749203047,-51.10773309663872,5.3595881228627675,136,1.6742672904952514
-67.33939243604296,-59.37052259805284,5.3595881228627675,435,1.7590575291186235
-65.18884646160228,-42.394396425595055,7.263122150913759,204,2.5584174153218466
-47.72604137027849,-13.876367038627222,5.183790340569126,26,2.109273171599916
-46.61161037263171,-22.738321353363276,5.183790340569126,440,2.3493227487649406
-49.698163367047634,-3.682651255541288,7.019424496825955,220,2.2567737795454215
-63.043844622583016,-1.9632508887575908,8.279433961246125,151,2.9333402653985394
-54.64984291488546,-27.174312492307692,4.492133644989449,67,2.1993059025707837
-54.00301406504543,-19.75335250400816,4.492133644989449,482,1.8436367959264766
-57.77818317772181,-11.998163544977118,6.249546617182118,327,1.693658445646499
-72.43123779371714,-34.49215880675887,5.123390656545666,215,2.16642754932315
-76.35091163542397,-42.87523921163808,5.123390656545666,382,1.6838162680789963
-63.36310202986438,-30.869715444708607,6.582536973042783,261,2.0465648750148344
-30.326582784907316,-4.007044799549868,6.565588186067694,22,1.979270000909856
-18.551313197227746,-1.4886470912059757,6.565588186067694,262,1.8655517645777417
-13.621021800696056,-12.121832915945909,6.920207207161148,198,2.036736564966492
-23.052488883748047,-9.647527886802841,5.141481867770794,200,2.3701708551030274
-30.79568077325259,-13.634890803875026,5.141481867770794,431,2.1566357287197704
-45.295911982132814,6.160527385726544,5.68181830770448,72,2.049410744298408
-38.97833153629333,0.06064168988371854,5.68181830770448,411,2.490490477309578
-39.661118086513646,-9.004504792238253,5.68181830770448,265,1.9095411442414691
-38.85580195242855,-18.005830495468544,5.68181830770448,412,1.9388898763702118
0.36300605491173554,-0.8907858584060392,5.829212905033557,34,1.4785855270307549
9.877975071266079,-1.7457182226436663,5.829212905033557,339,1.4231664909978567
-6.832586677434765,5.408334224278801,5.31901076958673,235,2.5884039181826752
-9.340742375774793,-2.4885349479683727,5.31901076958673,473,2.589449539612394
3.740750046775894,9.546698223321679,7.711687332866688,76,2.4693557466861433
-16.481355077373507,8.73889712831696,6.26443168884565,177,1.7384428428873344
-7.7658548694730705,14.3192461986478,6.26443168884565,300,2.4996901225794224
-33.84647123478313,20.058253108879025,5.9612162585084425,52,1.599758632545371
-26.303485351498068,4.814489103576205,5.9612162585084425,284,2.624713452621255
-16.45264921503581,18.706106566704253,5.553257869605623,234,1.4294834129623433
-25.500241634188267,13.757647978641408,5.553257869605623,361,2.069388954255257
-17.570421908878952,29.747102379495427,6.993930310419757,120,2.0070813088450046
-18.37656892651327,40.66586770141836,6.993930310419757,260,2.3021668453637902
